environment,video,frame_idx,label,num_people_detected
Home_01,video (1).avi,0,normal,1
Home_01,video (1).avi,52,fall,1
Home_01,video (1).avi,105,standing,1
Home_01,video (1).avi,144,fall,1
Home_01,video (1).avi,149,fall,1
Home_01,video (1).avi,154,fall,1
Home_01,video (1).avi,158,fall,1
Home_01,video (1).avi,159,fall,1
Home_01,video (1).avi,164,fall,1
Home_01,video (1).avi,211,fall,1
Home_01,video (10).avi,124,standing,1
Home_01,video (10).avi,249,standing,1
Home_01,video (11).avi,124,standing,1
Home_01,video (11).avi,249,standing,1
Home_01,video (12).avi,129,standing,1
Home_01,video (12).avi,161,fall,1
Home_01,video (12).avi,164,fall,1
Home_01,video (12).avi,167,fall,1
Home_01,video (13).avi,96,standing,1
Home_01,video (13).avi,144,standing,1
Home_01,video (13).avi,156,fall,1
Home_01,video (13).avi,167,fall,1
Home_01,video (14).avi,172,standing,1
Home_01,video (14).avi,186,fall,1
Home_01,video (15).avi,142,standing,1
Home_01,video (16).avi,0,sitting,1
Home_01,video (16).avi,52,sitting,1
Home_01,video (16).avi,158,fall,1
Home_01,video (16).avi,186,fall,1
Home_01,video (17).avi,0,normal,1
Home_01,video (17).avi,48,fall,1
Home_01,video (17).avi,96,sitting,1
Home_01,video (17).avi,144,normal,1
Home_01,video (18).avi,0,standing,1
Home_01,video (18).avi,43,standing,1
Home_01,video (18).avi,129,fall,1
Home_01,video (18).avi,135,fall,1
Home_01,video (19).avi,0,fall,1
Home_01,video (19).avi,38,fall,1
Home_01,video (19).avi,76,fall,1
Home_01,video (19).avi,115,normal,1
Home_01,video (19).avi,129,fall,1
Home_01,video (2).avi,0,normal,1
Home_01,video (2).avi,96,standing,1
Home_01,video (2).avi,120,fall,1
Home_01,video (2).avi,124,fall,1
Home_01,video (2).avi,128,fall,1
Home_01,video (20).avi,0,normal,1
Home_01,video (20).avi,43,normal,1
Home_01,video (20).avi,86,fall,1
Home_01,video (20).avi,129,walking,1
Home_01,video (20).avi,147,fall,1
Home_01,video (20).avi,155,fall,1
Home_01,video (21).avi,0,normal,1
Home_01,video (21).avi,43,normal,1
Home_01,video (21).avi,86,fall,1
Home_01,video (21).avi,129,walking,1
Home_01,video (22).avi,0,normal,1
Home_01,video (22).avi,48,sitting,1
Home_01,video (22).avi,96,fall,1
Home_01,video (22).avi,144,fall,1
Home_01,video (22).avi,151,fall,1
Home_01,video (22).avi,153,fall,1
Home_01,video (23).avi,0,normal,1
Home_01,video (23).avi,48,fall,1
Home_01,video (23).avi,96,fall,1
Home_01,video (23).avi,144,sitting,1
Home_01,video (23).avi,165,fall,1
Home_01,video (23).avi,167,fall,1
Home_01,video (24).avi,0,normal,1
Home_01,video (24).avi,38,normal,1
Home_01,video (24).avi,115,normal,1
Home_01,video (24).avi,131,fall,1
Home_01,video (25).avi,42,normal,1
Home_01,video (25).avi,85,fall,1
Home_01,video (25).avi,127,normal,1
Home_01,video (25).avi,170,fall,1
Home_01,video (25).avi,173,fall,1
Home_01,video (26).avi,0,sitting,1
Home_01,video (26).avi,43,sitting,1
Home_01,video (26).avi,86,fall,1
Home_01,video (26).avi,129,walking,1
Home_01,video (26).avi,130,fall,1
Home_01,video (26).avi,132,fall,1
Home_01,video (26).avi,135,fall,1
Home_01,video (26).avi,172,fall,1
Home_01,video (27).avi,0,sitting,1
Home_01,video (27).avi,48,normal,1
Home_01,video (27).avi,96,fall,1
Home_01,video (27).avi,144,standing,1
Home_01,video (27).avi,168,fall,1
Home_01,video (27).avi,169,fall,1
Home_01,video (27).avi,173,fall,1
Home_01,video (28).avi,0,normal,1
Home_01,video (28).avi,43,normal,1
Home_01,video (28).avi,86,fall,1
Home_01,video (28).avi,129,standing,1
Home_01,video (28).avi,169,fall,1
Home_01,video (28).avi,171,fall,1
Home_01,video (28).avi,172,fall,1
Home_01,video (28).avi,174,fall,1
Home_01,video (29).avi,0,normal,1
Home_01,video (29).avi,54,sitting,1
Home_01,video (29).avi,108,walking,2
Home_01,video (29).avi,159,fall,1
Home_01,video (29).avi,161,fall,1
Home_01,video (29).avi,162,fall,1
Home_01,video (3).avi,0,normal,1
Home_01,video (3).avi,96,standing,1
Home_01,video (3).avi,122,fall,1
Home_01,video (3).avi,125,fall,1
Home_01,video (3).avi,129,fall,1
Home_01,video (30).avi,0,walking,1
Home_01,video (30).avi,38,fall,1
Home_01,video (30).avi,76,standing,2
Home_01,video (30).avi,115,normal,1
Home_01,video (30).avi,123,fall,1
Home_01,video (30).avi,126,fall,1
Home_01,video (30).avi,130,fall,1
Home_01,video (30).avi,134,fall,1
Home_01,video (30).avi,153,fall,1
Home_01,video (4).avi,0,normal,1
Home_01,video (4).avi,48,fall,1
Home_01,video (4).avi,96,normal,1
Home_01,video (4).avi,144,standing,1
Home_01,video (4).avi,149,fall,1
Home_01,video (4).avi,152,fall,1
Home_01,video (4).avi,156,fall,1
Home_01,video (4).avi,160,fall,1
Home_01,video (5).avi,0,normal,1
Home_01,video (5).avi,76,normal,1
Home_01,video (6).avi,0,normal,1
Home_01,video (6).avi,115,normal,1
Home_01,video (6).avi,116,fall,1
Home_01,video (6).avi,140,fall,1
Home_01,video (7).avi,0,sitting,1
Home_01,video (7).avi,43,normal,1
Home_01,video (7).avi,86,normal,1
Home_01,video (7).avi,129,normal,1
Home_01,video (7).avi,139,fall,1
Home_01,video (7).avi,142,fall,1
Home_01,video (8).avi,57,standing,1
Home_01,video (8).avi,114,standing,1
Home_01,video (8).avi,128,fall,1
Home_01,video (8).avi,132,fall,1
Home_01,video (8).avi,135,fall,1
Home_01,video (8).avi,228,standing,1
Home_01,video (9).avi,134,standing,1
Home_01,video (9).avi,149,fall,1
Home_01,video (9).avi,152,fall,1
Home_01,video (9).avi,156,fall,1
Home_01,video (9).avi,201,normal,1
Home_01,video (9).avi,268,normal,1
Home_02,video (31).avi,0,fall,1
Home_02,video (31).avi,62,fall,1
Home_02,video (31).avi,124,fall,1
Home_02,video (31).avi,187,normal,1
Home_02,video (31).avi,200,fall,1
Home_02,video (31).avi,204,fall,1
Home_02,video (31).avi,208,fall,1
Home_02,video (31).avi,216,fall,1
Home_02,video (32).avi,0,fall,1
Home_02,video (32).avi,38,fall,1
Home_02,video (32).avi,76,fall,1
Home_02,video (32).avi,87,fall,1
Home_02,video (32).avi,90,fall,1
Home_02,video (33).avi,0,normal,1
Home_02,video (33).avi,38,normal,1
Home_02,video (33).avi,76,standing,1
Home_02,video (33).avi,115,normal,1
Home_02,video (34).avi,0,normal,1
Home_02,video (34).avi,48,sitting,1
Home_02,video (34).avi,96,standing,1
Home_02,video (34).avi,144,normal,1
Home_02,video (35).avi,0,standing,1
Home_02,video (35).avi,43,normal,1
Home_02,video (35).avi,86,standing,1
Home_02,video (36).avi,76,standing,1
Home_02,video (36).avi,115,standing,1
Home_02,video (37).avi,0,walking,1
Home_02,video (37).avi,48,fall,1
Home_02,video (37).avi,96,normal,1
Home_02,video (37).avi,129,fall,1
Home_02,video (37).avi,132,fall,1
Home_02,video (37).avi,136,fall,1
Home_02,video (37).avi,140,fall,1
Home_02,video (37).avi,144,fall,2
Home_02,video (37).avi,192,fall,1
Home_02,video (38).avi,0,standing,1
Home_02,video (38).avi,19,standing,1
Home_02,video (38).avi,38,standing,1
Home_02,video (38).avi,57,standing,1
Home_02,video (38).avi,76,standing,1
Home_02,video (38).avi,96,standing,1
Home_02,video (38).avi,115,normal,1
Home_02,video (38).avi,134,normal,1
Home_02,video (38).avi,153,normal,1
Home_02,video (38).avi,172,normal,1
Home_02,video (39).avi,0,normal,1
Home_02,video (39).avi,19,normal,1
Home_02,video (39).avi,38,standing,1
Home_02,video (39).avi,57,standing,1
Home_02,video (39).avi,76,standing,1
Home_02,video (39).avi,96,standing,1
Home_02,video (39).avi,115,normal,1
Home_02,video (39).avi,134,standing,1
Home_02,video (39).avi,153,normal,1
Home_02,video (39).avi,172,normal,1
Home_02,video (40).avi,0,normal,1
Home_02,video (40).avi,96,normal,1
Home_02,video (40).avi,120,standing,1
Home_02,video (40).avi,144,standing,1
Home_02,video (40).avi,168,standing,1
Home_02,video (40).avi,192,standing,1
Home_02,video (40).avi,216,standing,1
Home_02,video (41).avi,72,normal,1
Home_02,video (41).avi,96,standing,1
Home_02,video (41).avi,120,standing,1
Home_02,video (41).avi,144,standing,1
Home_02,video (41).avi,168,normal,1
Home_02,video (41).avi,192,normal,1
Home_02,video (41).avi,216,sitting,1
Home_02,video (42).avi,0,standing,1
Home_02,video (42).avi,16,standing,2
Home_02,video (42).avi,33,standing,1
Home_02,video (42).avi,50,standing,1
Home_02,video (42).avi,67,standing,1
Home_02,video (42).avi,84,standing,1
Home_02,video (42).avi,100,normal,1
Home_02,video (42).avi,117,normal,1
Home_02,video (42).avi,134,normal,1
Home_02,video (42).avi,151,normal,1
Home_02,video (43).avi,0,standing,1
Home_02,video (43).avi,16,standing,1
Home_02,video (43).avi,33,standing,1
Home_02,video (43).avi,50,standing,1
Home_02,video (43).avi,67,standing,1
Home_02,video (43).avi,84,standing,1
Home_02,video (43).avi,100,standing,1
Home_02,video (43).avi,117,standing,1
Home_02,video (43).avi,134,standing,1
Home_02,video (43).avi,151,standing,1
Home_02,video (44).avi,0,standing,1
Home_02,video (44).avi,31,normal,1
Home_02,video (44).avi,62,standing,1
Home_02,video (44).avi,94,standing,1
Home_02,video (44).avi,125,standing,1
Home_02,video (44).avi,157,standing,1
Home_02,video (44).avi,188,standing,1
Home_02,video (44).avi,219,standing,1
Home_02,video (44).avi,251,normal,1
Home_02,video (44).avi,282,sitting,1
Home_02,video (45).avi,0,standing,1
Home_02,video (45).avi,21,walking,1
Home_02,video (45).avi,43,standing,1
Home_02,video (45).avi,64,standing,1
Home_02,video (45).avi,86,standing,1
Home_02,video (45).avi,108,normal,1
Home_02,video (45).avi,129,standing,1
Home_02,video (45).avi,151,sitting,1
Home_02,video (45).avi,172,sitting,1
Home_02,video (45).avi,194,sitting,1
Home_02,video (46).avi,0,normal,1
Home_02,video (46).avi,26,walking,1
Home_02,video (46).avi,52,sitting,1
Home_02,video (46).avi,79,standing,1
Home_02,video (46).avi,105,standing,1
Home_02,video (46).avi,132,standing,1
Home_02,video (46).avi,158,standing,1
Home_02,video (46).avi,184,standing,1
Home_02,video (46).avi,211,sitting,1
Home_02,video (47).avi,86,standing,1
Home_02,video (47).avi,115,standing,1
Home_02,video (47).avi,144,standing,1
Home_02,video (47).avi,172,standing,1
Home_02,video (47).avi,201,standing,1
Home_02,video (47).avi,230,standing,1
Home_02,video (47).avi,259,normal,1
Home_02,video (48).avi,0,walking,1
Home_02,video (48).avi,24,sitting,1
Home_02,video (48).avi,48,fall,1
Home_02,video (48).avi,72,standing,1
Home_02,video (48).avi,96,standing,1
Home_02,video (48).avi,120,normal,1
Home_02,video (48).avi,144,standing,1
Home_02,video (48).avi,168,standing,1
Home_02,video (48).avi,192,standing,1
Home_02,video (48).avi,216,normal,1
Home_02,video (49).avi,0,standing,1
Home_02,video (49).avi,31,normal,1
Home_02,video (49).avi,62,walking,1
Home_02,video (49).avi,124,standing,1
Home_02,video (49).avi,156,standing,1
Home_02,video (49).avi,187,standing,1
Home_02,video (49).avi,218,standing,1
Home_02,video (49).avi,249,standing,1
Home_02,video (50).avi,0,standing,1
Home_02,video (50).avi,31,normal,1
Home_02,video (50).avi,62,walking,1
Home_02,video (50).avi,124,standing,1
Home_02,video (50).avi,156,standing,1
Home_02,video (50).avi,187,standing,1
Home_02,video (50).avi,218,standing,1
Home_02,video (50).avi,249,standing,1
Home_02,video (51).avi,0,normal,1
Home_02,video (51).avi,26,normal,1
Home_02,video (51).avi,52,normal,1
Home_02,video (51).avi,79,standing,1
Home_02,video (51).avi,105,standing,1
Home_02,video (51).avi,132,standing,1
Home_02,video (51).avi,158,normal,1
Home_02,video (51).avi,184,fall,1
Home_02,video (51).avi,211,normal,1
Home_02,video (51).avi,237,standing,1
Home_02,video (52).avi,0,sitting,2
Home_02,video (52).avi,21,walking,2
Home_02,video (52).avi,43,normal,1
Home_02,video (52).avi,64,walking,1
Home_02,video (52).avi,86,standing,1
Home_02,video (52).avi,108,standing,1
Home_02,video (52).avi,129,standing,1
Home_02,video (52).avi,151,normal,1
Home_02,video (53).avi,0,normal,1
Home_02,video (53).avi,21,walking,1
Home_02,video (53).avi,43,standing,1
Home_02,video (53).avi,64,standing,1
Home_02,video (53).avi,86,standing,1
Home_02,video (53).avi,108,standing,1
Home_02,video (53).avi,129,normal,1
Home_02,video (54).avi,0,normal,1
Home_02,video (54).avi,21,normal,1
Home_02,video (54).avi,43,walking,1
Home_02,video (54).avi,64,normal,1
Home_02,video (54).avi,86,standing,1
Home_02,video (54).avi,108,standing,1
Home_02,video (54).avi,129,normal,1
Home_02,video (54).avi,151,standing,1
Home_02,video (54).avi,172,standing,1
Home_02,video (54).avi,194,standing,1
Home_02,video (55).avi,0,walking,1
Home_02,video (55).avi,21,standing,1
Home_02,video (55).avi,43,normal,1
Home_02,video (55).avi,64,standing,1
Home_02,video (55).avi,86,standing,1
Home_02,video (55).avi,108,standing,1
Home_02,video (55).avi,129,standing,1
Home_02,video (55).avi,151,fall,1
Home_02,video (55).avi,172,normal,1
Home_02,video (55).avi,194,normal,1
Home_02,video (56).avi,0,normal,1
Home_02,video (56).avi,36,normal,1
Home_02,video (56).avi,108,normal,1
Home_02,video (56).avi,144,standing,1
Home_02,video (56).avi,180,standing,1
Home_02,video (56).avi,216,standing,1
Home_02,video (56).avi,252,standing,1
Home_02,video (56).avi,288,fall,1
Home_02,video (56).avi,324,walking,1
Home_02,video (57).avi,0,normal,1
Home_02,video (57).avi,24,normal,1
Home_02,video (57).avi,48,fall,1
Home_02,video (57).avi,72,standing,1
Home_02,video (57).avi,96,standing,1
Home_02,video (57).avi,120,standing,1
Home_02,video (57).avi,144,normal,1
Home_02,video (58).avi,0,normal,1
Home_02,video (58).avi,33,normal,1
Home_02,video (58).avi,67,normal,1
Home_02,video (58).avi,100,standing,1
Home_02,video (58).avi,134,standing,1
Home_02,video (58).avi,168,standing,1
Home_02,video (58).avi,201,standing,1
Home_02,video (58).avi,235,standing,1
Home_02,video (58).avi,268,normal,1
Home_02,video (59).avi,21,standing,1
Home_02,video (59).avi,43,sitting,1
Home_02,video (59).avi,64,standing,1
Home_02,video (59).avi,86,standing,1
Home_02,video (59).avi,108,standing,1
Home_02,video (59).avi,129,standing,1
Home_02,video (59).avi,194,normal,1
Home_02,video (60).avi,0,normal,1
Home_02,video (60).avi,31,normal,1
Home_02,video (60).avi,62,walking,1
Home_02,video (60).avi,93,normal,1
Home_02,video (60).avi,124,standing,1
Home_02,video (60).avi,156,standing,1
Home_02,video (60).avi,187,standing,1
Home_02,video (60).avi,218,standing,1
Coffee_room_01,video (1).avi,31,normal,1
Coffee_room_01,video (1).avi,48,fall,1
Coffee_room_01,video (1).avi,56,fall,1
Coffee_room_01,video (1).avi,62,fall,1
Coffee_room_01,video (1).avi,64,fall,1
Coffee_room_01,video (1).avi,72,fall,1
Coffee_room_01,video (1).avi,80,fall,1
Coffee_room_01,video (1).avi,94,fall,1
Coffee_room_01,video (1).avi,125,fall,1
Coffee_room_01,video (10).avi,0,standing,1
Coffee_room_01,video (10).avi,72,standing,1
Coffee_room_01,video (10).avi,144,standing,1
Coffee_room_01,video (10).avi,211,fall,1
Coffee_room_01,video (10).avi,217,fall,1
Coffee_room_01,video (10).avi,224,fall,1
Coffee_room_01,video (10).avi,238,fall,1
Coffee_room_01,video (10).avi,289,fall,1
Coffee_room_01,video (11).avi,0,normal,1
Coffee_room_01,video (11).avi,96,standing,1
Coffee_room_01,video (11).avi,193,standing,1
Coffee_room_01,video (11).avi,289,walking,1
Coffee_room_01,video (11).avi,375,fall,1
Coffee_room_01,video (11).avi,382,fall,1
Coffee_room_01,video (11).avi,386,fall,1
Coffee_room_01,video (11).avi,389,fall,1
Coffee_room_01,video (11).avi,396,fall,1
Coffee_room_01,video (11).avi,404,fall,1
Coffee_room_01,video (12).avi,0,normal,1
Coffee_room_01,video (12).avi,36,normal,1
Coffee_room_01,video (12).avi,53,fall,1
Coffee_room_01,video (12).avi,58,fall,1
Coffee_room_01,video (12).avi,64,fall,1
Coffee_room_01,video (13).avi,0,normal,1
Coffee_room_01,video (13).avi,48,standing,1
Coffee_room_01,video (13).avi,96,fall,1
Coffee_room_01,video (13).avi,97,fall,1
Coffee_room_01,video (13).avi,100,fall,1
Coffee_room_01,video (14).avi,0,normal,1
Coffee_room_01,video (14).avi,35,standing,1
Coffee_room_01,video (14).avi,52,fall,1
Coffee_room_01,video (14).avi,58,fall,1
Coffee_room_01,video (14).avi,64,fall,1
Coffee_room_01,video (14).avi,70,fall,1
Coffee_room_01,video (14).avi,76,fall,1
Coffee_room_01,video (14).avi,105,normal,1
Coffee_room_01,video (14).avi,140,normal,1
Coffee_room_01,video (15).avi,0,normal,1
Coffee_room_01,video (15).avi,28,normal,1
Coffee_room_01,video (15).avi,48,fall,1
Coffee_room_01,video (15).avi,54,fall,1
Coffee_room_01,video (15).avi,56,fall,1
Coffee_room_01,video (15).avi,60,fall,1
Coffee_room_01,video (15).avi,73,fall,1
Coffee_room_01,video (15).avi,84,normal,1
Coffee_room_01,video (15).avi,112,normal,1
Coffee_room_01,video (16).avi,0,standing,1
Coffee_room_01,video (16).avi,35,standing,1
Coffee_room_01,video (16).avi,46,fall,1
Coffee_room_01,video (16).avi,50,fall,1
Coffee_room_01,video (16).avi,55,fall,1
Coffee_room_01,video (16).avi,60,fall,1
Coffee_room_01,video (16).avi,65,fall,1
Coffee_room_01,video (16).avi,70,fall,1
Coffee_room_01,video (16).avi,106,fall,1
Coffee_room_01,video (16).avi,141,fall,1
Coffee_room_01,video (17).avi,0,standing,1
Coffee_room_01,video (17).avi,20,fall,1
Coffee_room_01,video (17).avi,29,fall,1
Coffee_room_01,video (17).avi,31,fall,1
Coffee_room_01,video (17).avi,38,fall,1
Coffee_room_01,video (17).avi,47,fall,1
Coffee_room_01,video (17).avi,57,fall,1
Coffee_room_01,video (17).avi,63,fall,1
Coffee_room_01,video (17).avi,94,fall,1
Coffee_room_01,video (17).avi,126,fall,1
Coffee_room_01,video (18).avi,0,standing,1
Coffee_room_01,video (18).avi,53,standing,1
Coffee_room_01,video (18).avi,107,normal,1
Coffee_room_01,video (18).avi,154,fall,1
Coffee_room_01,video (18).avi,161,fall,1
Coffee_room_01,video (18).avi,169,fall,1
Coffee_room_01,video (18).avi,176,fall,1
Coffee_room_01,video (18).avi,184,fall,1
Coffee_room_01,video (18).avi,215,fall,1
Coffee_room_01,video (19).avi,0,standing,1
Coffee_room_01,video (19).avi,42,standing,1
Coffee_room_01,video (19).avi,85,normal,1
Coffee_room_01,video (19).avi,89,fall,1
Coffee_room_01,video (19).avi,99,fall,1
Coffee_room_01,video (19).avi,109,fall,1
Coffee_room_01,video (19).avi,119,fall,1
Coffee_room_01,video (19).avi,127,fall,1
Coffee_room_01,video (19).avi,129,fall,1
Coffee_room_01,video (19).avi,170,fall,1
Coffee_room_01,video (2).avi,0,normal,1
Coffee_room_01,video (2).avi,61,standing,1
Coffee_room_01,video (2).avi,122,standing,1
Coffee_room_01,video (2).avi,183,normal,1
Coffee_room_01,video (2).avi,192,fall,1
Coffee_room_01,video (2).avi,198,fall,1
Coffee_room_01,video (2).avi,205,fall,1
Coffee_room_01,video (2).avi,212,fall,1
Coffee_room_01,video (2).avi,219,fall,1
Coffee_room_01,video (2).avi,244,fall,1
Coffee_room_01,video (20).avi,0,standing,1
Coffee_room_01,video (20).avi,88,standing,1
Coffee_room_01,video (20).avi,177,standing,1
Coffee_room_01,video (20).avi,266,standing,1
Coffee_room_01,video (20).avi,330,fall,1
Coffee_room_01,video (20).avi,341,fall,1
Coffee_room_01,video (20).avi,352,fall,1
Coffee_room_01,video (20).avi,355,fall,3
Coffee_room_01,video (20).avi,363,fall,1
Coffee_room_01,video (20).avi,375,fall,1
Coffee_room_01,video (21).avi,0,sitting,1
Coffee_room_01,video (21).avi,36,sitting,1
Coffee_room_01,video (21).avi,72,normal,1
Coffee_room_01,video (21).avi,85,fall,1
Coffee_room_01,video (21).avi,89,fall,1
Coffee_room_01,video (21).avi,93,fall,1
Coffee_room_01,video (21).avi,97,fall,1
Coffee_room_01,video (22).avi,0,sitting,1
Coffee_room_01,video (22).avi,45,sitting,1
Coffee_room_01,video (22).avi,91,normal,1
Coffee_room_01,video (22).avi,125,fall,1
Coffee_room_01,video (22).avi,128,fall,1
Coffee_room_01,video (22).avi,132,fall,1
Coffee_room_01,video (23).avi,0,standing,1
Coffee_room_01,video (23).avi,62,normal,1
Coffee_room_01,video (23).avi,124,normal,1
Coffee_room_01,video (23).avi,186,standing,1
Coffee_room_01,video (23).avi,209,fall,1
Coffee_room_01,video (24).avi,0,normal,1
Coffee_room_01,video (24).avi,53,normal,1
Coffee_room_01,video (24).avi,106,normal,1
Coffee_room_01,video (24).avi,160,standing,1
Coffee_room_01,video (24).avi,209,fall,1
Coffee_room_01,video (24).avi,213,fall,1
Coffee_room_01,video (24).avi,215,fall,1
Coffee_room_01,video (25).avi,0,sitting,1
Coffee_room_01,video (25).avi,52,normal,1
Coffee_room_01,video (25).avi,104,standing,1
Coffee_room_01,video (25).avi,137,fall,1
Coffee_room_01,video (25).avi,147,fall,1
Coffee_room_01,video (25).avi,157,fall,1
Coffee_room_01,video (25).avi,158,fall,1
Coffee_room_01,video (25).avi,168,fall,1
Coffee_room_01,video (25).avi,179,fall,1
Coffee_room_01,video (25).avi,209,fall,1
Coffee_room_01,video (26).avi,0,standing,1
Coffee_room_01,video (26).avi,27,standing,1
Coffee_room_01,video (26).avi,55,standing,1
Coffee_room_01,video (26).avi,83,standing,1
Coffee_room_01,video (26).avi,111,standing,1
Coffee_room_01,video (26).avi,139,normal,1
Coffee_room_01,video (26).avi,166,standing,1
Coffee_room_01,video (26).avi,194,standing,1
Coffee_room_01,video (26).avi,250,fall,1
Coffee_room_01,video (27).avi,0,sitting,1
Coffee_room_01,video (27).avi,50,sitting,1
Coffee_room_01,video (27).avi,101,standing,1
Coffee_room_01,video (27).avi,151,fall,1
Coffee_room_01,video (27).avi,163,fall,1
Coffee_room_01,video (27).avi,171,fall,1
Coffee_room_01,video (27).avi,187,fall,1
Coffee_room_01,video (27).avi,196,fall,1
Coffee_room_01,video (27).avi,202,fall,1
Coffee_room_01,video (28).avi,0,sitting,1
Coffee_room_01,video (28).avi,35,normal,1
Coffee_room_01,video (28).avi,59,fall,1
Coffee_room_01,video (28).avi,66,fall,1
Coffee_room_01,video (28).avi,90,fall,1
Coffee_room_01,video (29).avi,0,normal,1
Coffee_room_01,video (29).avi,65,standing,1
Coffee_room_01,video (29).avi,131,standing,1
Coffee_room_01,video (29).avi,196,standing,1
Coffee_room_01,video (29).avi,262,standing,1
Coffee_room_01,video (29).avi,297,fall,1
Coffee_room_01,video (29).avi,304,fall,1
Coffee_room_01,video (3).avi,60,standing,1
Coffee_room_01,video (3).avi,121,standing,1
Coffee_room_01,video (3).avi,182,standing,1
Coffee_room_01,video (3).avi,223,fall,1
Coffee_room_01,video (3).avi,232,fall,1
Coffee_room_01,video (3).avi,242,fall,1
Coffee_room_01,video (3).avi,243,fall,1
Coffee_room_01,video (3).avi,251,fall,1
Coffee_room_01,video (3).avi,261,fall,1
Coffee_room_01,video (30).avi,0,normal,1
Coffee_room_01,video (30).avi,29,normal,1
Coffee_room_01,video (30).avi,58,standing,1
Coffee_room_01,video (30).avi,80,fall,1
Coffee_room_01,video (30).avi,86,fall,1
Coffee_room_01,video (30).avi,87,fall,1
Coffee_room_01,video (30).avi,98,fall,1
Coffee_room_01,video (30).avi,104,fall,1
Coffee_room_01,video (30).avi,116,normal,1
Coffee_room_01,video (31).avi,0,sitting,1
Coffee_room_01,video (31).avi,53,normal,1
Coffee_room_01,video (31).avi,106,standing,1
Coffee_room_01,video (31).avi,158,fall,1
Coffee_room_01,video (31).avi,159,fall,1
Coffee_room_01,video (31).avi,162,fall,1
Coffee_room_01,video (31).avi,167,fall,1
Coffee_room_01,video (31).avi,171,fall,1
Coffee_room_01,video (31).avi,176,fall,1
Coffee_room_01,video (31).avi,212,sitting,1
Coffee_room_01,video (32).avi,0,sitting,1
Coffee_room_01,video (32).avi,61,standing,1
Coffee_room_01,video (32).avi,122,standing,1
Coffee_room_01,video (32).avi,183,standing,1
Coffee_room_01,video (32).avi,206,fall,1
Coffee_room_01,video (32).avi,211,fall,1
Coffee_room_01,video (32).avi,217,fall,1
Coffee_room_01,video (32).avi,223,fall,1
Coffee_room_01,video (32).avi,229,fall,1
Coffee_room_01,video (32).avi,244,fall,1
Coffee_room_01,video (33).avi,0,normal,1
Coffee_room_01,video (33).avi,45,normal,1
Coffee_room_01,video (33).avi,87,fall,1
Coffee_room_01,video (33).avi,90,fall,1
Coffee_room_01,video (33).avi,94,fall,1
Coffee_room_01,video (33).avi,101,fall,1
Coffee_room_01,video (33).avi,108,fall,1
Coffee_room_01,video (33).avi,116,fall,1
Coffee_room_01,video (33).avi,136,fall,1
Coffee_room_01,video (33).avi,181,fall,1
Coffee_room_01,video (34).avi,0,sitting,1
Coffee_room_01,video (34).avi,83,sitting,1
Coffee_room_01,video (34).avi,166,sitting,1
Coffee_room_01,video (34).avi,249,normal,1
Coffee_room_01,video (34).avi,331,fall,1
Coffee_room_01,video (34).avi,332,fall,1
Coffee_room_01,video (34).avi,337,fall,1
Coffee_room_01,video (34).avi,344,fall,1
Coffee_room_01,video (34).avi,350,fall,1
Coffee_room_01,video (34).avi,357,fall,1
Coffee_room_01,video (35).avi,0,normal,1
Coffee_room_01,video (35).avi,46,standing,1
Coffee_room_01,video (35).avi,74,fall,1
Coffee_room_01,video (35).avi,82,fall,1
Coffee_room_01,video (35).avi,90,fall,1
Coffee_room_01,video (35).avi,106,fall,1
Coffee_room_01,video (35).avi,138,fall,1
Coffee_room_01,video (35).avi,184,fall,1
Coffee_room_01,video (36).avi,0,standing,1
Coffee_room_01,video (36).avi,240,standing,1
Coffee_room_01,video (36).avi,481,standing,1
Coffee_room_01,video (36).avi,721,standing,1
Coffee_room_01,video (36).avi,962,standing,1
Coffee_room_01,video (36).avi,1088,fall,1
Coffee_room_01,video (36).avi,1095,fall,1
Coffee_room_01,video (36).avi,1102,fall,2
Coffee_room_01,video (36).avi,1109,fall,1
Coffee_room_01,video (36).avi,1116,fall,1
Coffee_room_01,video (37).avi,0,normal,1
Coffee_room_01,video (37).avi,41,standing,1
Coffee_room_01,video (37).avi,57,fall,1
Coffee_room_01,video (37).avi,63,fall,1
Coffee_room_01,video (37).avi,164,fall,1
Coffee_room_01,video (38).avi,0,walking,1
Coffee_room_01,video (38).avi,70,walking,1
Coffee_room_01,video (38).avi,140,walking,1
Coffee_room_01,video (38).avi,211,standing,1
Coffee_room_01,video (38).avi,237,fall,1
Coffee_room_01,video (38).avi,242,fall,1
Coffee_room_01,video (38).avi,248,fall,1
Coffee_room_01,video (38).avi,254,fall,1
Coffee_room_01,video (39).avi,0,standing,1
Coffee_room_01,video (39).avi,31,standing,1
Coffee_room_01,video (39).avi,49,fall,1
Coffee_room_01,video (39).avi,55,fall,1
Coffee_room_01,video (39).avi,62,fall,1
Coffee_room_01,video (39).avi,68,fall,1
Coffee_room_01,video (39).avi,75,fall,1
Coffee_room_01,video (39).avi,94,fall,1
Coffee_room_01,video (39).avi,125,fall,1
Coffee_room_01,video (4).avi,41,standing,1
Coffee_room_01,video (4).avi,82,standing,1
Coffee_room_01,video (4).avi,123,fall,1
Coffee_room_01,video (4).avi,124,fall,1
Coffee_room_01,video (40).avi,0,sitting,1
Coffee_room_01,video (40).avi,70,standing,1
Coffee_room_01,video (40).avi,140,standing,1
Coffee_room_01,video (40).avi,210,standing,1
Coffee_room_01,video (40).avi,259,fall,1
Coffee_room_01,video (40).avi,267,fall,1
Coffee_room_01,video (40).avi,275,fall,1
Coffee_room_01,video (40).avi,280,fall,1
Coffee_room_01,video (40).avi,283,fall,1
Coffee_room_01,video (40).avi,292,fall,1
Coffee_room_01,video (41).avi,0,standing,1
Coffee_room_01,video (41).avi,76,standing,1
Coffee_room_01,video (41).avi,152,standing,1
Coffee_room_01,video (41).avi,229,standing,1
Coffee_room_01,video (41).avi,267,fall,1
Coffee_room_01,video (41).avi,273,fall,1
Coffee_room_01,video (41).avi,279,fall,1
Coffee_room_01,video (42).avi,0,sitting,1
Coffee_room_01,video (42).avi,31,sitting,1
Coffee_room_01,video (42).avi,63,standing,1
Coffee_room_01,video (42).avi,95,standing,1
Coffee_room_01,video (42).avi,111,fall,1
Coffee_room_01,video (42).avi,116,fall,1
Coffee_room_01,video (42).avi,121,fall,1
Coffee_room_01,video (43).avi,0,sitting,1
Coffee_room_01,video (43).avi,143,standing,1
Coffee_room_01,video (43).avi,287,standing,1
Coffee_room_01,video (43).avi,430,standing,1
Coffee_room_01,video (43).avi,574,standing,1
Coffee_room_01,video (43).avi,632,fall,1
Coffee_room_01,video (43).avi,639,fall,1
Coffee_room_01,video (43).avi,654,fall,1
Coffee_room_01,video (43).avi,662,fall,1
Coffee_room_01,video (44).avi,0,standing,1
Coffee_room_01,video (44).avi,26,standing,1
Coffee_room_01,video (44).avi,53,normal,1
Coffee_room_01,video (44).avi,54,fall,1
Coffee_room_01,video (44).avi,70,fall,1
Coffee_room_01,video (44).avi,78,fall,1
Coffee_room_01,video (44).avi,79,fall,1
Coffee_room_01,video (44).avi,106,fall,1
Coffee_room_01,video (45).avi,0,standing,1
Coffee_room_01,video (45).avi,43,standing,1
Coffee_room_01,video (45).avi,86,standing,1
Coffee_room_01,video (45).avi,100,fall,1
Coffee_room_01,video (45).avi,107,fall,1
Coffee_room_01,video (45).avi,114,fall,1
Coffee_room_01,video (45).avi,121,fall,1
Coffee_room_01,video (45).avi,129,fall,1
Coffee_room_01,video (45).avi,172,fall,1
Coffee_room_01,video (46).avi,0,standing,1
Coffee_room_01,video (46).avi,58,standing,1
Coffee_room_01,video (46).avi,116,standing,1
Coffee_room_01,video (46).avi,165,fall,1
Coffee_room_01,video (46).avi,170,fall,1
Coffee_room_01,video (46).avi,175,fall,1
Coffee_room_01,video (47).avi,0,sitting,1
Coffee_room_01,video (47).avi,145,standing,1
Coffee_room_01,video (47).avi,291,standing,1
Coffee_room_01,video (47).avi,437,standing,1
Coffee_room_01,video (47).avi,583,standing,1
Coffee_room_01,video (47).avi,625,fall,1
Coffee_room_01,video (47).avi,633,fall,1
Coffee_room_01,video (48).avi,0,sitting,1
Coffee_room_01,video (48).avi,155,standing,1
Coffee_room_01,video (48).avi,311,sitting,1
Coffee_room_01,video (48).avi,467,normal,1
Coffee_room_01,video (48).avi,623,standing,1
Coffee_room_01,video (48).avi,654,fall,1
Coffee_room_01,video (48).avi,662,fall,1
Coffee_room_01,video (48).avi,686,fall,1
Coffee_room_01,video (5).avi,0,normal,1
Coffee_room_01,video (5).avi,36,walking,1
Coffee_room_01,video (5).avi,72,standing,1
Coffee_room_01,video (5).avi,108,standing,1
Coffee_room_01,video (5).avi,129,fall,1
Coffee_room_01,video (5).avi,137,fall,1
Coffee_room_01,video (5).avi,144,fall,1
Coffee_room_01,video (5).avi,145,fall,1
Coffee_room_01,video (6).avi,0,normal,1
Coffee_room_01,video (6).avi,47,standing,1
Coffee_room_01,video (6).avi,95,standing,1
Coffee_room_01,video (6).avi,136,fall,1
Coffee_room_01,video (6).avi,143,fall,1
Coffee_room_01,video (6).avi,157,fall,1
Coffee_room_01,video (6).avi,191,fall,1
Coffee_room_01,video (7).avi,0,normal,1
Coffee_room_01,video (7).avi,34,standing,1
Coffee_room_01,video (7).avi,69,standing,1
Coffee_room_01,video (7).avi,96,fall,1
Coffee_room_01,video (7).avi,103,fall,1
Coffee_room_01,video (7).avi,104,fall,1
Coffee_room_01,video (7).avi,111,fall,1
Coffee_room_01,video (7).avi,126,fall,1
Coffee_room_01,video (7).avi,139,fall,1
Coffee_room_01,video (8).avi,0,standing,1
Coffee_room_01,video (8).avi,51,standing,1
Coffee_room_01,video (8).avi,103,standing,1
Coffee_room_01,video (8).avi,154,standing,1
Coffee_room_01,video (8).avi,157,fall,1
Coffee_room_01,video (8).avi,163,fall,1
Coffee_room_01,video (8).avi,169,fall,1
Coffee_room_01,video (8).avi,206,normal,1
Coffee_room_01,video (9).avi,0,normal,1
Coffee_room_01,video (9).avi,41,normal,1
Coffee_room_01,video (9).avi,82,normal,1
Coffee_room_01,video (9).avi,93,fall,1
Coffee_room_01,video (9).avi,109,fall,1
Coffee_room_02,video (49).avi,0,normal,1
Coffee_room_02,video (49).avi,98,normal,1
Coffee_room_02,video (49).avi,196,standing,1
Coffee_room_02,video (49).avi,295,standing,1
Coffee_room_02,video (49).avi,393,standing,1
Coffee_room_02,video (49).avi,427,fall,1
Coffee_room_02,video (49).avi,433,fall,1
Coffee_room_02,video (49).avi,440,fall,1
Coffee_room_02,video (49).avi,447,fall,1
Coffee_room_02,video (49).avi,454,fall,1
Coffee_room_02,video (50).avi,0,fall,1
Coffee_room_02,video (50).avi,195,standing,1
Coffee_room_02,video (50).avi,390,normal,1
Coffee_room_02,video (50).avi,586,standing,1
Coffee_room_02,video (50).avi,781,standing,1
Coffee_room_02,video (50).avi,977,standing,1
Coffee_room_02,video (50).avi,1172,standing,1
Coffee_room_02,video (50).avi,1367,normal,1
Coffee_room_02,video (50).avi,1563,standing,1
Coffee_room_02,video (50).avi,1758,standing,1
Coffee_room_02,video (51).avi,40,standing,1
Coffee_room_02,video (51).avi,76,fall,1
Coffee_room_02,video (51).avi,81,fall,1
Coffee_room_02,video (51).avi,86,fall,1
Coffee_room_02,video (51).avi,96,fall,1
Coffee_room_02,video (51).avi,106,fall,1
Coffee_room_02,video (51).avi,117,fall,1
Coffee_room_02,video (51).avi,121,fall,1
Coffee_room_02,video (51).avi,162,fall,1
Coffee_room_02,video (52).avi,0,sitting,1
Coffee_room_02,video (52).avi,21,sitting,1
Coffee_room_02,video (52).avi,43,normal,1
Coffee_room_02,video (52).avi,64,standing,1
Coffee_room_02,video (52).avi,86,normal,1
Coffee_room_02,video (52).avi,107,fall,1
Coffee_room_02,video (52).avi,129,fall,1
Coffee_room_02,video (52).avi,150,fall,1
Coffee_room_02,video (52).avi,172,fall,1
Coffee_room_02,video (52).avi,193,fall,1
Coffee_room_02,video (53).avi,76,standing,1
Coffee_room_02,video (53).avi,153,standing,1
Coffee_room_02,video (53).avi,229,standing,1
Coffee_room_02,video (53).avi,261,fall,1
Coffee_room_02,video (53).avi,268,fall,1
Coffee_room_02,video (53).avi,275,fall,1
Coffee_room_02,video (53).avi,282,fall,1
Coffee_room_02,video (53).avi,289,fall,1
Coffee_room_02,video (53).avi,306,fall,1
Coffee_room_02,video (54).avi,50,standing,1
Coffee_room_02,video (54).avi,100,standing,1
Coffee_room_02,video (54).avi,150,standing,1
Coffee_room_02,video (54).avi,157,fall,1
Coffee_room_02,video (54).avi,162,fall,1
Coffee_room_02,video (55).avi,0,sitting,1
Coffee_room_02,video (55).avi,64,sitting,1
Coffee_room_02,video (55).avi,129,sitting,1
Coffee_room_02,video (55).avi,193,standing,1
Coffee_room_02,video (55).avi,217,fall,1
Coffee_room_02,video (55).avi,223,fall,1
Coffee_room_02,video (55).avi,230,fall,1
Coffee_room_02,video (55).avi,237,fall,1
Coffee_room_02,video (55).avi,244,fall,1
Coffee_room_02,video (55).avi,258,fall,2
Coffee_room_02,video (56).avi,0,standing,1
Coffee_room_02,video (56).avi,86,sitting,1
Coffee_room_02,video (56).avi,172,sitting,1
Coffee_room_02,video (56).avi,258,standing,1
Coffee_room_02,video (56).avi,301,fall,1
Coffee_room_02,video (56).avi,307,fall,1
Coffee_room_02,video (56).avi,314,fall,1
Coffee_room_02,video (56).avi,321,fall,1
Coffee_room_02,video (56).avi,328,fall,1
Coffee_room_02,video (56).avi,344,fall,1
Coffee_room_02,video (57).avi,0,sitting,1
Coffee_room_02,video (57).avi,112,sitting,1
Coffee_room_02,video (57).avi,225,standing,1
Coffee_room_02,video (57).avi,337,standing,1
Coffee_room_02,video (57).avi,447,fall,1
Coffee_room_02,video (57).avi,450,fall,1
Coffee_room_02,video (57).avi,458,fall,1
Coffee_room_02,video (57).avi,492,fall,1
Coffee_room_02,video (58).avi,0,normal,1
Coffee_room_02,video (58).avi,62,standing,1
Coffee_room_02,video (58).avi,124,standing,1
Coffee_room_02,video (58).avi,177,fall,1
Coffee_room_02,video (58).avi,185,fall,1
Coffee_room_02,video (58).avi,186,fall,1
Coffee_room_02,video (58).avi,211,fall,1
Coffee_room_02,video (58).avi,248,fall,1
Coffee_room_02,video (59).avi,0,standing,1
Coffee_room_02,video (59).avi,50,standing,1
Coffee_room_02,video (59).avi,100,standing,1
Coffee_room_02,video (59).avi,134,fall,1
Coffee_room_02,video (59).avi,139,fall,1
Coffee_room_02,video (59).avi,145,fall,1
Coffee_room_02,video (59).avi,150,fall,1
Coffee_room_02,video (59).avi,151,fall,1
Coffee_room_02,video (59).avi,157,fall,1
Coffee_room_02,video (59).avi,200,normal,1
Coffee_room_02,video (60).avi,0,walking,1
Coffee_room_02,video (60).avi,55,walking,1
Coffee_room_02,video (60).avi,110,standing,1
Coffee_room_02,video (60).avi,129,fall,1
Coffee_room_02,video (60).avi,136,fall,1
Coffee_room_02,video (60).avi,150,fall,1
Coffee_room_02,video (60).avi,157,fall,1
Coffee_room_02,video (61).avi,131,standing,1
Coffee_room_02,video (61).avi,262,standing,1
Coffee_room_02,video (61).avi,394,normal,1
Coffee_room_02,video (61).avi,525,fall,1
Coffee_room_02,video (61).avi,657,fall,1
Coffee_room_02,video (61).avi,788,standing,1
Coffee_room_02,video (61).avi,919,standing,1
Coffee_room_02,video (61).avi,1051,fall,1
Coffee_room_02,video (61).avi,1182,fall,1
Coffee_room_02,video (62).avi,0,normal,1
Coffee_room_02,video (62).avi,56,standing,1
Coffee_room_02,video (62).avi,112,sitting,1
Coffee_room_02,video (62).avi,169,normal,1
Coffee_room_02,video (62).avi,175,fall,1
Coffee_room_02,video (62).avi,179,fall,1
Coffee_room_02,video (62).avi,184,fall,1
Coffee_room_02,video (62).avi,189,fall,1
Coffee_room_02,video (62).avi,194,fall,1
Coffee_room_02,video (62).avi,225,fall,1
Coffee_room_02,video (63).avi,0,normal,1
Coffee_room_02,video (63).avi,59,standing,1
Coffee_room_02,video (63).avi,119,standing,1
Coffee_room_02,video (63).avi,178,standing,1
Coffee_room_02,video (63).avi,238,standing,1
Coffee_room_02,video (63).avi,298,standing,1
Coffee_room_02,video (63).avi,357,standing,1
Coffee_room_02,video (63).avi,417,normal,1
Coffee_room_02,video (63).avi,476,standing,1
Coffee_room_02,video (63).avi,536,fall,1
Coffee_room_02,video (64).avi,0,standing,1
Coffee_room_02,video (64).avi,42,standing,1
Coffee_room_02,video (64).avi,84,standing,1
Coffee_room_02,video (64).avi,127,standing,1
Coffee_room_02,video (64).avi,137,fall,1
Coffee_room_02,video (64).avi,143,fall,1
Coffee_room_02,video (64).avi,149,fall,1
Coffee_room_02,video (64).avi,155,fall,1
Coffee_room_02,video (64).avi,162,fall,1
Coffee_room_02,video (64).avi,169,fall,1
Coffee_room_02,video (65).avi,0,standing,1
Coffee_room_02,video (65).avi,71,standing,1
Coffee_room_02,video (65).avi,142,standing,1
Coffee_room_02,video (65).avi,213,standing,1
Coffee_room_02,video (65).avi,284,standing,1
Coffee_room_02,video (65).avi,355,standing,1
Coffee_room_02,video (65).avi,426,standing,1
Coffee_room_02,video (65).avi,497,standing,1
Coffee_room_02,video (65).avi,568,standing,1
Coffee_room_02,video (65).avi,639,standing,1
Coffee_room_02,video (66).avi,0,standing,1
Coffee_room_02,video (66).avi,29,standing,1
Coffee_room_02,video (66).avi,59,standing,1
Coffee_room_02,video (66).avi,89,normal,1
Coffee_room_02,video (66).avi,119,normal,1
Coffee_room_02,video (66).avi,149,normal,1
Coffee_room_02,video (66).avi,178,standing,1
Coffee_room_02,video (66).avi,208,standing,1
Coffee_room_02,video (66).avi,238,standing,1
Coffee_room_02,video (66).avi,268,standing,1
Coffee_room_02,video (67).avi,34,normal,1
Coffee_room_02,video (67).avi,69,standing,1
Coffee_room_02,video (67).avi,104,standing,1
Coffee_room_02,video (67).avi,138,standing,1
Coffee_room_02,video (67).avi,173,standing,1
Coffee_room_02,video (67).avi,208,standing,1
Coffee_room_02,video (67).avi,242,standing,1
Coffee_room_02,video (67).avi,277,standing,1
Coffee_room_02,video (67).avi,312,normal,1
Coffee_room_02,video (68).avi,0,standing,1
Coffee_room_02,video (68).avi,160,normal,1
Coffee_room_02,video (68).avi,482,normal,1
Coffee_room_02,video (68).avi,642,normal,1
Coffee_room_02,video (68).avi,803,normal,1
Coffee_room_02,video (68).avi,1124,standing,1
Coffee_room_02,video (68).avi,1285,sitting,1
Coffee_room_02,video (68).avi,1446,standing,1
Coffee_room_02,video (69).avi,0,normal,1
Coffee_room_02,video (69).avi,128,standing,1
Coffee_room_02,video (69).avi,256,standing,1
Coffee_room_02,video (69).avi,384,standing,1
Coffee_room_02,video (69).avi,513,standing,1
Coffee_room_02,video (69).avi,641,walking,1
Coffee_room_02,video (69).avi,769,standing,1
Coffee_room_02,video (69).avi,898,standing,1
Coffee_room_02,video (69).avi,1026,standing,1
Coffee_room_02,video (69).avi,1154,standing,1
Coffee_room_02,video (70).avi,0,sitting,1
Coffee_room_02,video (70).avi,83,standing,1
Coffee_room_02,video (70).avi,167,walking,1
Coffee_room_02,video (70).avi,335,standing,1
Coffee_room_02,video (70).avi,419,standing,1
Coffee_room_02,video (70).avi,503,standing,1
Coffee_room_02,video (70).avi,587,standing,1
Coffee_room_02,video (70).avi,671,standing,1
Coffee_room_02,video (70).avi,755,fall,1
Lecture_room,video (1).avi,85,fall,1
Lecture_room,video (1).avi,114,normal,1
Lecture_room,video (1).avi,142,standing,1
Lecture_room,video (1).avi,171,standing,1
Lecture_room,video (1).avi,256,fall,1
Lecture_room,video (10).avi,98,standing,1
Lecture_room,video (10).avi,147,standing,1
Lecture_room,video (10).avi,197,standing,1
Lecture_room,video (10).avi,246,normal,1
Lecture_room,video (10).avi,295,normal,1
Lecture_room,video (10).avi,345,normal,1
Lecture_room,video (11).avi,145,normal,1
Lecture_room,video (11).avi,181,standing,1
Lecture_room,video (11).avi,217,standing,1
Lecture_room,video (11).avi,254,normal,1
Lecture_room,video (11).avi,326,normal,1
Lecture_room,video (12).avi,202,standing,1
Lecture_room,video (12).avi,270,standing,1
Lecture_room,video (12).avi,337,standing,1
Lecture_room,video (12).avi,405,normal,1
Lecture_room,video (12).avi,472,normal,1
Lecture_room,video (12).avi,540,normal,1
Lecture_room,video (13).avi,207,standing,1
Lecture_room,video (13).avi,249,standing,1
Lecture_room,video (13).avi,290,standing,1
Lecture_room,video (14).avi,85,standing,1
Lecture_room,video (14).avi,128,normal,1
Lecture_room,video (14).avi,171,standing,1
Lecture_room,video (14).avi,214,standing,1
Lecture_room,video (14).avi,256,sitting,1
Lecture_room,video (14).avi,299,standing,1
Lecture_room,video (14).avi,385,fall,1
Lecture_room,video (15).avi,118,standing,1
Lecture_room,video (15).avi,177,standing,1
Lecture_room,video (15).avi,237,standing,1
Lecture_room,video (15).avi,296,standing,1
Lecture_room,video (15).avi,355,standing,1
Lecture_room,video (15).avi,415,standing,1
Lecture_room,video (15).avi,474,standing,1
Lecture_room,video (15).avi,533,standing,1
Lecture_room,video (16).avi,87,standing,1
Lecture_room,video (16).avi,174,standing,1
Lecture_room,video (16).avi,261,standing,1
Lecture_room,video (16).avi,348,standing,1
Lecture_room,video (16).avi,435,standing,1
Lecture_room,video (16).avi,522,standing,1
Lecture_room,video (16).avi,609,normal,1
Lecture_room,video (16).avi,696,standing,1
Lecture_room,video (17).avi,151,standing,1
Lecture_room,video (17).avi,202,standing,1
Lecture_room,video (17).avi,253,standing,1
Lecture_room,video (17).avi,354,standing,1
Lecture_room,video (17).avi,404,standing,1
Lecture_room,video (17).avi,455,standing,1
Lecture_room,video (18).avi,105,standing,1
Lecture_room,video (18).avi,210,standing,1
Lecture_room,video (18).avi,315,sitting,1
Lecture_room,video (18).avi,420,sitting,1
Lecture_room,video (18).avi,526,normal,1
Lecture_room,video (18).avi,631,normal,1
Lecture_room,video (18).avi,736,normal,1
Lecture_room,video (18).avi,841,standing,1
Lecture_room,video (19).avi,81,standing,1
Lecture_room,video (19).avi,163,standing,1
Lecture_room,video (19).avi,245,standing,1
Lecture_room,video (19).avi,327,sitting,1
Lecture_room,video (19).avi,409,sitting,1
Lecture_room,video (19).avi,490,normal,1
Lecture_room,video (19).avi,572,standing,1
Lecture_room,video (19).avi,654,standing,1
Lecture_room,video (19).avi,736,standing,1
Lecture_room,video (2).avi,101,normal,1
Lecture_room,video (2).avi,151,standing,1
Lecture_room,video (2).avi,202,standing,1
Lecture_room,video (2).avi,253,standing,1
Lecture_room,video (2).avi,303,standing,1
Lecture_room,video (2).avi,354,standing,1
Lecture_room,video (20).avi,0,standing,1
Lecture_room,video (20).avi,29,standing,1
Lecture_room,video (20).avi,59,standing,1
Lecture_room,video (20).avi,89,standing,1
Lecture_room,video (20).avi,119,standing,1
Lecture_room,video (20).avi,149,standing,1
Lecture_room,video (20).avi,178,standing,1
Lecture_room,video (20).avi,208,standing,1
Lecture_room,video (20).avi,238,standing,1
Lecture_room,video (21).avi,113,standing,1
Lecture_room,video (21).avi,226,standing,1
Lecture_room,video (21).avi,339,standing,1
Lecture_room,video (21).avi,452,standing,1
Lecture_room,video (21).avi,565,standing,1
Lecture_room,video (21).avi,678,standing,1
Lecture_room,video (21).avi,904,standing,1
Lecture_room,video (22).avi,197,standing,1
Lecture_room,video (22).avi,296,normal,1
Lecture_room,video (22).avi,394,standing,1
Lecture_room,video (22).avi,493,standing,1
Lecture_room,video (22).avi,592,standing,1
Lecture_room,video (22).avi,690,normal,1
Lecture_room,video (22).avi,789,standing,1
Lecture_room,video (22).avi,888,standing,1
Lecture_room,video (23).avi,135,standing,1
Lecture_room,video (23).avi,202,standing,1
Lecture_room,video (23).avi,270,standing,1
Lecture_room,video (23).avi,337,standing,1
Lecture_room,video (23).avi,405,standing,1
Lecture_room,video (23).avi,472,standing,1
Lecture_room,video (24).avi,144,standing,1
Lecture_room,video (24).avi,288,sitting,1
Lecture_room,video (24).avi,432,normal,1
Lecture_room,video (24).avi,576,standing,1
Lecture_room,video (24).avi,721,standing,1
Lecture_room,video (24).avi,865,standing,1
Lecture_room,video (24).avi,1009,standing,1
Lecture_room,video (24).avi,1153,standing,1
Lecture_room,video (25).avi,37,standing,1
Lecture_room,video (25).avi,75,standing,1
Lecture_room,video (25).avi,112,standing,1
Lecture_room,video (25).avi,150,standing,1
Lecture_room,video (25).avi,188,standing,1
Lecture_room,video (25).avi,225,standing,1
Lecture_room,video (25).avi,263,standing,1
Lecture_room,video (26).avi,142,standing,1
Lecture_room,video (26).avi,285,standing,1
Lecture_room,video (26).avi,428,standing,1
Lecture_room,video (26).avi,571,normal,1
Lecture_room,video (26).avi,714,standing,1
Lecture_room,video (26).avi,857,standing,1
Lecture_room,video (26).avi,1286,standing,1
Lecture_room,video (27).avi,0,standing,1
Lecture_room,video (27).avi,25,standing,1
Lecture_room,video (27).avi,51,standing,1
Lecture_room,video (27).avi,77,standing,1
Lecture_room,video (27).avi,103,standing,1
Lecture_room,video (27).avi,129,standing,1
Lecture_room,video (27).avi,155,standing,1
Lecture_room,video (27).avi,181,normal,1
Lecture_room,video (3).avi,124,normal,1
Lecture_room,video (3).avi,186,standing,1
Lecture_room,video (3).avi,249,standing,1
Lecture_room,video (3).avi,311,standing,1
Lecture_room,video (3).avi,373,standing,1
Lecture_room,video (3).avi,436,standing,1
Lecture_room,video (3).avi,498,fall,1
Lecture_room,video (3).avi,560,fall,1
Lecture_room,video (4).avi,160,standing,1
Lecture_room,video (4).avi,201,standing,1
Lecture_room,video (4).avi,241,standing,1
Lecture_room,video (4).avi,281,normal,1
Lecture_room,video (5).avi,116,standing,1
Lecture_room,video (5).avi,155,standing,1
Lecture_room,video (5).avi,194,normal,1
Lecture_room,video (5).avi,233,standing,1
Lecture_room,video (5).avi,272,fall,1
Lecture_room,video (5).avi,311,fall,1
Lecture_room,video (6).avi,85,standing,1
Lecture_room,video (6).avi,114,standing,1
Lecture_room,video (6).avi,142,standing,1
Lecture_room,video (6).avi,171,normal,1
Lecture_room,video (6).avi,228,fall,1
Lecture_room,video (6).avi,256,fall,1
Lecture_room,video (7).avi,101,standing,1
Lecture_room,video (7).avi,134,standing,1
Lecture_room,video (7).avi,168,standing,1
Lecture_room,video (7).avi,202,standing,1
Lecture_room,video (7).avi,235,walking,1
Lecture_room,video (7).avi,303,fall,1
Lecture_room,video (8).avi,144,standing,1
Lecture_room,video (8).avi,216,standing,1
Lecture_room,video (8).avi,288,standing,1
Lecture_room,video (8).avi,361,standing,1
Lecture_room,video (8).avi,433,standing,1
Lecture_room,video (8).avi,505,standing,1
Lecture_room,video (8).avi,577,standing,1
Lecture_room,video (9).avi,187,standing,1
Lecture_room,video (9).avi,280,standing,1
Lecture_room,video (9).avi,654,normal,1
Lecture_room,video (9).avi,748,standing,1
Office,video (1).avi,124,standing,1
Office,video (1).avi,166,normal,1
Office,video (1).avi,207,standing,1
Office,video (1).avi,249,standing,1
Office,video (1).avi,290,normal,1
Office,video (1).avi,373,normal,1
Office,video (10).avi,0,normal,1
Office,video (10).avi,26,standing,1
Office,video (10).avi,53,standing,1
Office,video (10).avi,80,standing,1
Office,video (10).avi,107,standing,1
Office,video (10).avi,134,standing,1
Office,video (10).avi,161,normal,1
Office,video (10).avi,188,fall,1
Office,video (10).avi,215,fall,1
Office,video (10).avi,242,fall,1
Office,video (11).avi,57,fall,1
Office,video (11).avi,77,normal,1
Office,video (11).avi,96,normal,1
Office,video (11).avi,173,normal,1
Office,video (12).avi,0,standing,1
Office,video (12).avi,29,standing,1
Office,video (12).avi,59,normal,1
Office,video (12).avi,89,standing,1
Office,video (12).avi,119,normal,1
Office,video (12).avi,149,normal,1
Office,video (12).avi,178,normal,1
Office,video (12).avi,208,fall,1
Office,video (12).avi,238,fall,1
Office,video (12).avi,268,fall,1
Office,video (13).avi,158,standing,1
Office,video (13).avi,237,standing,1
Office,video (13).avi,316,standing,1
Office,video (13).avi,396,normal,1
Office,video (13).avi,475,sitting,1
Office,video (13).avi,554,sitting,1
Office,video (13).avi,633,normal,1
Office,video (14).avi,17,normal,1
Office,video (14).avi,34,normal,1
Office,video (14).avi,51,standing,1
Office,video (14).avi,69,standing,1
Office,video (14).avi,86,fall,1
Office,video (14).avi,103,fall,1
Office,video (14).avi,121,fall,1
Office,video (14).avi,138,fall,1
Office,video (14).avi,155,fall,1
Office,video (15).avi,0,walking,1
Office,video (15).avi,31,normal,1
Office,video (15).avi,63,normal,1
Office,video (15).avi,95,standing,1
Office,video (15).avi,127,standing,1
Office,video (15).avi,159,standing,1
Office,video (15).avi,190,standing,1
Office,video (15).avi,222,normal,1
Office,video (15).avi,286,fall,1
Office,video (16).avi,0,sitting,1
Office,video (16).avi,42,normal,1
Office,video (16).avi,85,sitting,1
Office,video (16).avi,128,sitting,1
Office,video (16).avi,171,sitting,1
Office,video (16).avi,214,normal,1
Office,video (16).avi,256,fall,1
Office,video (16).avi,299,fall,1
Office,video (16).avi,342,fall,1
Office,video (16).avi,385,fall,1
Office,video (17).avi,43,standing,1
Office,video (17).avi,65,standing,1
Office,video (17).avi,86,standing,1
Office,video (17).avi,108,normal,1
Office,video (17).avi,130,fall,1
Office,video (18).avi,153,standing,1
Office,video (18).avi,229,standing,1
Office,video (18).avi,306,standing,1
Office,video (18).avi,383,sitting,1
Office,video (18).avi,459,walking,1
Office,video (18).avi,536,sitting,1
Office,video (18).avi,612,walking,1
Office,video (18).avi,689,standing,1
Office,video (19).avi,32,standing,1
Office,video (19).avi,65,normal,1
Office,video (19).avi,98,normal,1
Office,video (19).avi,131,normal,1
Office,video (19).avi,197,standing,1
Office,video (19).avi,230,standing,1
Office,video (19).avi,263,walking,1
Office,video (19).avi,296,normal,1
Office,video (2).avi,103,standing,1
Office,video (2).avi,129,standing,1
Office,video (2).avi,155,normal,1
Office,video (2).avi,181,fall,1
Office,video (20).avi,53,standing,1
Office,video (20).avi,106,standing,1
Office,video (20).avi,159,sitting,1
Office,video (20).avi,212,walking,1
Office,video (20).avi,266,normal,1
Office,video (20).avi,319,sitting,1
Office,video (20).avi,372,standing,1
Office,video (20).avi,425,standing,1
Office,video (20).avi,478,standing,1
Office,video (21).avi,42,standing,1
Office,video (21).avi,85,standing,1
Office,video (21).avi,128,standing,1
Office,video (21).avi,171,normal,1
Office,video (21).avi,214,normal,1
Office,video (21).avi,256,normal,1
Office,video (21).avi,299,standing,1
Office,video (21).avi,342,standing,1
Office,video (21).avi,385,normal,1
Office,video (22).avi,22,standing,1
Office,video (22).avi,44,normal,1
Office,video (22).avi,66,sitting,1
Office,video (22).avi,88,normal,1
Office,video (22).avi,110,normal,1
Office,video (22).avi,132,normal,1
Office,video (22).avi,154,standing,1
Office,video (22).avi,176,standing,1
Office,video (22).avi,198,normal,1
Office,video (23).avi,229,normal,1
Office,video (23).avi,343,standing,1
Office,video (23).avi,458,normal,1
Office,video (23).avi,687,sitting,1
Office,video (23).avi,802,standing,1
Office,video (23).avi,916,fall,1
Office,video (23).avi,1031,sitting,1
Office,video (24).avi,0,normal,1
Office,video (24).avi,82,sitting,1
Office,video (24).avi,165,sitting,1
Office,video (24).avi,248,sitting,1
Office,video (24).avi,331,sitting,1
Office,video (24).avi,414,sitting,1
Office,video (24).avi,497,normal,1
Office,video (24).avi,580,standing,1
Office,video (24).avi,663,normal,1
Office,video (24).avi,746,standing,1
Office,video (25).avi,197,standing,1
Office,video (25).avi,296,normal,1
Office,video (25).avi,395,standing,1
Office,video (25).avi,494,sitting,1
Office,video (25).avi,592,sitting,1
Office,video (25).avi,691,standing,1
Office,video (25).avi,790,standing,1
Office,video (25).avi,889,normal,1
Office,video (26).avi,49,standing,1
Office,video (26).avi,99,standing,1
Office,video (26).avi,149,standing,1
Office,video (26).avi,199,standing,1
Office,video (26).avi,249,standing,1
Office,video (26).avi,299,standing,1
Office,video (26).avi,349,standing,1
Office,video (26).avi,399,standing,1
Office,video (26).avi,449,standing,1
Office,video (27).avi,81,normal,1
Office,video (27).avi,162,standing,1
Office,video (27).avi,243,normal,1
Office,video (27).avi,324,normal,1
Office,video (27).avi,405,sitting,1
Office,video (27).avi,486,sitting,1
Office,video (27).avi,567,sitting,1
Office,video (27).avi,648,sitting,1
Office,video (27).avi,729,standing,1
Office,video (28).avi,50,standing,1
Office,video (28).avi,101,standing,1
Office,video (28).avi,151,standing,1
Office,video (28).avi,202,standing,1
Office,video (28).avi,252,standing,1
Office,video (28).avi,303,standing,1
Office,video (28).avi,353,standing,1
Office,video (28).avi,404,standing,1
Office,video (28).avi,454,walking,1
Office,video (29).avi,0,normal,1
Office,video (29).avi,122,standing,1
Office,video (29).avi,244,standing,1
Office,video (29).avi,366,standing,1
Office,video (29).avi,488,standing,1
Office,video (29).avi,610,standing,1
Office,video (29).avi,732,standing,1
Office,video (29).avi,854,standing,1
Office,video (29).avi,976,standing,1
Office,video (29).avi,1098,standing,1
Office,video (3).avi,0,sitting,1
Office,video (3).avi,46,sitting,1
Office,video (3).avi,93,sitting,1
Office,video (3).avi,140,sitting,1
Office,video (3).avi,186,sitting,1
Office,video (3).avi,233,sitting,1
Office,video (3).avi,280,sitting,1
Office,video (3).avi,326,standing,1
Office,video (3).avi,373,normal,1
Office,video (30).avi,249,standing,1
Office,video (30).avi,374,normal,1
Office,video (30).avi,498,sitting,1
Office,video (30).avi,623,sitting,1
Office,video (30).avi,748,sitting,1
Office,video (30).avi,872,sitting,1
Office,video (30).avi,997,standing,1
Office,video (30).avi,1122,normal,1
Office,video (31).avi,20,standing,1
Office,video (31).avi,40,normal,1
Office,video (31).avi,60,standing,1
Office,video (31).avi,81,standing,1
Office,video (31).avi,101,standing,1
Office,video (31).avi,121,standing,1
Office,video (31).avi,142,standing,1
Office,video (31).avi,162,normal,1
Office,video (32).avi,108,standing,1
Office,video (32).avi,163,standing,1
Office,video (32).avi,217,sitting,1
Office,video (32).avi,272,sitting,1
Office,video (32).avi,326,normal,1
Office,video (32).avi,380,normal,1
Office,video (32).avi,435,normal,1
Office,video (32).avi,489,standing,1
Office,video (33).avi,127,standing,1
Office,video (33).avi,191,normal,1
Office,video (33).avi,255,sitting,1
Office,video (33).avi,319,sitting,1
Office,video (33).avi,383,normal,1
Office,video (33).avi,447,normal,1
Office,video (33).avi,511,normal,1
Office,video (33).avi,575,standing,1
Office,video (4).avi,0,normal,1
Office,video (4).avi,32,normal,1
Office,video (4).avi,64,normal,1
Office,video (4).avi,96,sitting,1
Office,video (4).avi,128,sitting,1
Office,video (4).avi,160,standing,1
Office,video (4).avi,192,sitting,1
Office,video (4).avi,224,fall,1
Office,video (4).avi,256,fall,1
Office,video (5).avi,95,standing,1
Office,video (5).avi,119,standing,1
Office,video (5).avi,142,fall,1
Office,video (5).avi,166,fall,1
Office,video (5).avi,190,fall,1
Office,video (5).avi,214,fall,1
Office,video (6).avi,41,normal,1
Office,video (6).avi,83,standing,1
Office,video (6).avi,124,normal,1
Office,video (6).avi,166,normal,1
Office,video (6).avi,207,normal,1
Office,video (6).avi,249,normal,1
Office,video (6).avi,290,standing,1
Office,video (6).avi,332,fall,1
Office,video (6).avi,373,fall,1
Office,video (7).avi,0,standing,1
Office,video (7).avi,21,normal,1
Office,video (7).avi,43,normal,1
Office,video (7).avi,65,standing,1
Office,video (7).avi,86,standing,1
Office,video (7).avi,108,normal,1
Office,video (7).avi,130,fall,1
Office,video (7).avi,151,fall,1
Office,video (7).avi,173,fall,1
Office,video (7).avi,195,fall,1
Office,video (8).avi,83,normal,1
Office,video (8).avi,125,standing,1
Office,video (8).avi,167,standing,1
Office,video (8).avi,209,standing,1
Office,video (8).avi,251,standing,1
Office,video (8).avi,293,normal,1
Office,video (8).avi,335,fall,1
Office,video (8).avi,377,fall,1
Office,video (9).avi,41,normal,1
Office,video (9).avi,61,walking,1
Office,video (9).avi,82,fall,1
Office,video (9).avi,123,normal,1
Office,video (9).avi,164,normal,1
Office,video (9).avi,185,normal,1
